GRBname,F0,F0errneg,F0errpos,nua,nuaerrneg,nuaerrpos,num,numerrneg,numerrpos,nuc,nucerrneg,nucerrpos,F0_rev,F0_reverrneg,F0_reverrpos,nua_rev,nua_reverrneg,nua_reverrpos,num_rev,num_reverrneg,num_reverrpos,nuc_rev,nuc_reverrneg,nuc_reverrpos,t_j,t_jerrneg,t_jerrpos,redchisq,DOF,AIC,BIC
GRB240205B,0.0029978422167913285,5.257438913853227e-05,5.634710023151145e-05,20.889661329694647,1.2883803435593641,1.1553450807704877,1605.731455661797,54.12487186623207,57.1489462136733,800000000.0,-1,-1,0.0009705884383816216,0.00019666100970826262,0.001218392478258899,13.924203730724429,4.538468210016678,18.661227200985167,194.70406070694315,120.8239557697952,258.3062775523137,800000000.0,-1,-1,,-1,-1,3.8618661308529236,51,208.9551726734991,221.21348028050642
