GRBname,F0,F0errneg,F0errpos,nua,nuaerrneg,nuaerrpos,num,numerrneg,numerrpos,nuc,nucerrneg,nucerrpos,F0_rev,F0_reverrneg,F0_reverrpos,nua_rev,nua_reverrneg,nua_reverrpos,num_rev,num_reverrneg,num_reverrpos,nuc_rev,nuc_reverrneg,nuc_reverrpos,t_j,t_jerrneg,t_jerrpos,redchisq,DOF,AIC,BIC
GRB240205B,0.010164530669286367,3.136646302297208e-05,3.208015594921565e-05,48.61444601956394,0.6318837621191662,0.6782317007302154,1001.3819000871013,1.050898326311085,2.364101927386855,800000000.0,-1,-1,0.0007804389215887266,0.00026072379916514577,0.0003276730662332586,9.539442044919934,6.749183493425577,11.8077559807037,568.4838265981159,521.939647946109,347.98018228868125,800000000.0,-1,-1,,-1,-1,2.383221440763549,51,133.544293478941,145.8026010859483
