GRBname,F0,F0errneg,F0errpos,nua,nuaerrneg,nuaerrpos,num,numerrneg,numerrpos,nuc,nucerrneg,nucerrpos,F0_rev,F0_reverrneg,F0_reverrpos,nua_rev,nua_reverrneg,nua_reverrpos,num_rev,num_reverrneg,num_reverrpos,nuc_rev,nuc_reverrneg,nuc_reverrpos,t_j,t_jerrneg,t_jerrpos,redchisq,DOF,AIC,BIC
GRB240205B,0.011005791682184952,0.00011446122989403756,0.0001053257329439658,48.2856582321637,0.6185280662198736,0.6647763605283146,874.9412182220824,13.710178970875518,15.161869405237098,800000000.0,-1,-1,0.0005112420145980094,0.0001365668415842474,0.00043819699018681976,11.121509159783052,7.887019261675287,12.523733139287685,70.7709281613264,38.73037300911972,150.5456805330417,800000000.0,-1,-1,,-1,-1,11.350338491995775,51,590.8672630917845,603.1255706987918
